epoch,train_loss_g,val_loss_g,train_loss_d,val_loss_d,train_d_real_prob,val_d_real_prob,train_d_fake_prob,val_d_fake_prob,train_psnr,val_psnr,train_ssim,val_ssim,train_lpips,val_lpips
1,1.343954683303833,1.0201218003034591,0.7668702750205993,0.6954045963287353,0.46790248894691466,0.4575282886624336,0.46790830326080324,0.45583261668682096,29.882122848510743,29.103066120147705,0.739619270324707,0.757410501241684,0.4809555621147156,0.5196330183744431
2,1.2605663833618164,0.9927201020717621,0.6907447943687439,0.6965258598327637,0.4555045037269592,0.4550062817335129,0.4553206102848053,0.4541298219561577,28.19175700378418,28.07346794128418,0.7282547979354859,0.7549444103240966,0.4698122673034668,0.5110196560621262
3,1.227472776889801,0.9819315069913864,0.689309205532074,0.697321457862854,0.45416608214378357,0.4517184269428253,0.4538374969959259,0.45107079058885574,27.59641827392578,27.602909564971924,0.7276743879318237,0.7528772044181824,0.46457934665679934,0.5109908184409142
4,1.193330006122589,0.9714090597629547,0.6886331486701965,0.6981281846761703,0.45350548505783084,0.4508244889974594,0.4528903453350067,0.450880189538002,27.14929116821289,27.408674240112305,0.7234980201721192,0.7503414243459702,0.4550186140537262,0.49729631185531614
5,1.1804368147850037,0.96546630859375,0.6882483415603637,0.6967123454809189,0.45311263799667356,0.45354300796985625,0.45212990736961367,0.4526479625701904,27.000427459716796,26.956356086730956,0.7222696118354798,0.7466914308071136,0.4497875182628632,0.49333368211984635
6,1.1574310402870178,0.9576587760448456,0.6877701435089111,0.7001068705320358,0.453363753080368,0.44897878646850586,0.4517481520175934,0.4507193529605866,26.766121536254882,26.765493431091308,0.7215414943695069,0.7435999828577041,0.44623866271972656,0.492008875310421
7,1.1517426447868346,0.9502551937103272,0.6867985949516296,0.6962142878770828,0.4538715720176697,0.45738863676786423,0.4505612561702728,0.4566171443462372,26.6710994720459,26.62188617706299,0.7200432476997376,0.7428285479545593,0.44131396555900576,0.4858902743458748
8,1.1494446086883545,0.9449690818786621,0.6847964615821839,0.6997934460639954,0.45618162417411806,0.45585897892713545,0.44888466215133666,0.45852028727531435,26.65860942077637,26.531182346343993,0.7211241884231567,0.7427001482248307,0.43997119784355165,0.48572555631399156
9,1.137333650112152,0.9434374094009399,0.6791699981689453,0.6925370758771896,0.46220743989944457,0.4624293902516365,0.44368933272361755,0.45737707436084746,26.69177604675293,26.510922966003417,0.7231372184753418,0.7427245873212814,0.4384951012134552,0.48567276775836943
10,1.1328865513801574,0.9374414962530137,0.667985812664032,0.7124150329828263,0.4733617959022522,0.4241872850060463,0.4334298098087311,0.43020159542560577,26.66069905090332,26.519243717193604,0.7231644682884216,0.7417210811376571,0.4362848708629608,0.4818780305981636
11,1.1251139645576478,0.9354228109121323,0.6578919548988342,0.6957279962301254,0.48254574251174925,0.44740576565265655,0.42183037757873537,0.44303992718458174,26.704603134155274,26.844531841278076,0.7236330709457397,0.7466050529479981,0.4347951729297638,0.48325788855552676
12,1.1321623511314391,0.9310387200117112,0.6426276006698608,0.6924773699045181,0.49722605299949646,0.4774861145019531,0.4046970164775848,0.4734856489300728,26.759170120239258,26.825935516357422,0.7237722725868225,0.7476002871990204,0.43415777540206907,0.4804328453540802
13,1.1244457759857178,0.928695627450943,0.6447986145019531,0.69598284304142,0.4967187201976776,0.4830577835440636,0.40806168293952944,0.4847086176276207,26.835269134521486,26.747759742736818,0.7241763834953308,0.7453905010223388,0.43210715436935426,0.47898717641830446
14,1.126280783176422,0.927808797955513,0.6425060625076294,0.7007944160699844,0.4956317517757416,0.429968923330307,0.4042924280166626,0.4261704856157303,26.935471771240234,26.779011554718018,0.7256596059799194,0.7438127255439758,0.43010953783988953,0.4768462264537811
15,1.122468801498413,0.9260435688495636,0.6415223236083984,0.6960616481304168,0.5036685054302216,0.49748950004577636,0.4067288805246353,0.4987048292160034,26.997849731445314,27.151877059936524,0.7263381667137147,0.7500709801912308,0.4308273289203644,0.4778530761599541
16,1.1148326535224915,0.9232697039842606,0.6518602409362793,0.6967334365844726,0.4834242751598358,0.4575920814275742,0.4128467500209808,0.4570737460255623,27.287768569946287,27.290759887695312,0.7305765891075134,0.7498972362279892,0.4290329966545105,0.473672100007534
17,1.113167908668518,0.9223546379804611,0.6425521049499512,0.6970246559381486,0.4949279825687408,0.4483606192469597,0.40297869634628297,0.44531860679388047,27.2188681640625,27.109657554626466,0.7287794599533081,0.7472625452280045,0.4275156543254852,0.47537981837987897
18,1.1152460088729859,0.9207548612356186,0.6335090012550354,0.6951364272832871,0.505088490486145,0.45072360515594484,0.39645374977588654,0.44589600384235384,27.2247772064209,27.161982669830323,0.7282318158149719,0.7477720069885254,0.42740797305107114,0.47339977145195006
19,1.1068779602050782,0.9175712537765502,0.6482124061584472,0.7054850715398788,0.49250737953186036,0.43822693020105363,0.411121434211731,0.4423472562432289,27.341361282348632,27.180751476287842,0.7271004114151001,0.7472063457965851,0.42516207075119017,0.4711698368191719
20,1.1008584718704224,0.9188550662994385,0.6442140383720398,0.7026640820503235,0.49647697734832763,0.43699441581964493,0.403344705581665,0.43764259457588195,27.689780914306642,27.56408140182495,0.732904082775116,0.7525359672307969,0.4251551501750946,0.4732634887099266
21,1.1073753499984742,0.9155451816320419,0.6373922820091248,0.696433253288269,0.49921969199180605,0.47606718152761457,0.39820601844787595,0.4770450758934021,27.733817153930666,27.63828691482544,0.7357349529266357,0.7528220987319947,0.42349701952934266,0.46930366337299345
22,1.0992215995788575,0.9135240286588668,0.6541018705368042,0.6934290057420731,0.48345705652236937,0.46228635251522066,0.40884994661808016,0.45815396547317505,27.682133895874024,27.48483341217041,0.7325462036132813,0.7511322903633117,0.423139173746109,0.47055544137954713
23,1.0942575092315674,0.9127674961090088,0.6443227381706238,0.7008239781856537,0.4961509017944336,0.4357017755508423,0.40525285601615907,0.4329382193088531,27.673876037597655,27.697748680114746,0.7333315596580505,0.7529905712604523,0.422856449842453,0.469336159825325
24,1.0928958644866944,0.907849971652031,0.6452599115371704,0.7016748481988907,0.49535299611091616,0.4536397114396095,0.39850647222995755,0.4567273813486099,27.931500732421874,27.88842107772827,0.735571578502655,0.7555535584688187,0.42026504135131837,0.465535127222538
25,1.0969464859962463,0.909267607331276,0.6510610404014587,0.7006401073932648,0.48491276931762695,0.4418697452545166,0.41006471920013426,0.44100840866565705,28.00906643676758,27.977118606567384,0.7347667670249939,0.7561556607484817,0.4207803561687469,0.46592056810855864
26,1.090531032562256,0.908637421131134,0.6483870887756348,0.698084015250206,0.491389919757843,0.4492035612463951,0.4052214539051056,0.4466384214162826,28.074683212280274,28.051786060333253,0.7363391046524048,0.7570483046770096,0.42150129318237306,0.46696264296770096
27,1.0958347792625427,0.9086554193496704,0.6470555772781372,0.705993075966835,0.49512065124511717,0.49659950882196424,0.3958414878845215,0.5066189593076706,27.996272583007812,27.792707176208495,0.7336431965827942,0.7534218764305115,0.4219278151988983,0.46576747089624404
28,1.0880596680641175,0.9075423783063888,0.6510199365615845,0.6955924695730209,0.4887241580486298,0.47476196110248564,0.410583048582077,0.47458009511232374,28.099366348266603,28.144643154144287,0.7348184304237366,0.7555061954259873,0.4202058584690094,0.46686935365200044
29,1.08682994890213,0.9076395225524903,0.6542220306396485,0.6964411497116089,0.4866017379760742,0.4800353592634201,0.4083683295249939,0.4811841955780983,28.16291470336914,27.996533699035645,0.7364197974205017,0.753102098107338,0.42061894035339353,0.46782922863960263
30,1.0862141399383545,0.9043797242641449,0.6497257351875305,0.694705166220665,0.49035549449920657,0.48656597822904585,0.40732763600349425,0.4861747017502785,28.352309356689453,28.40757667541504,0.7357357144355774,0.7570526784658432,0.4197410414218903,0.4637854489684105
31,1.0943342504501343,0.9039971709251404,0.647339096546173,0.6927056956291199,0.49589037799835206,0.5078516069054604,0.41005535459518433,0.505876325070858,28.533670166015625,28.61711296081543,0.7373676629066467,0.7579394519329071,0.41854513907432556,0.4638436457514763
32,1.0841500492095948,0.9044489854574204,0.6569140315055847,0.6950720596313477,0.48032355690002443,0.469273501932621,0.41101498913764956,0.4683242744207382,28.452569549560547,28.360168209075926,0.7376435828208924,0.7556031519174575,0.41834961795806885,0.4635964134335518
33,1.0909650287628174,0.9030349487066269,0.6571372637748718,0.7081041878461838,0.483037882566452,0.43106323122978213,0.4117004415988922,0.43319924533367155,28.404764221191407,28.506588878631593,0.7352303223609924,0.7579454672336579,0.4200791304111481,0.46556243419647214
34,1.0749058389663697,0.9006049346923828,0.6540879936218261,0.7027354192733765,0.4870137233734131,0.447872987985611,0.41256210732460025,0.4501280376315117,28.685817642211916,28.56712242126465,0.7404113917350769,0.756953610777855,0.41825823378562926,0.4618346947431564
35,1.0815313091278076,0.8989441615343093,0.6536475052833557,0.6953044819831848,0.4847696855068207,0.5131675082445145,0.4080712244510651,0.5129442939162254,28.61008866882324,28.361159915924073,0.7376335768699646,0.7563376188278198,0.4185502345561981,0.4620634627342224
36,1.082919078350067,0.9016722244024277,0.6506261835098267,0.7068011558055878,0.4894321641921997,0.4172552302479744,0.41042364168167117,0.4145810580253601,28.677429946899416,28.628280906677247,0.7388466258049011,0.7582898104190826,0.4177552993297577,0.4624894121289253
37,1.0761059341430663,0.8985556447505951,0.6523784093856811,0.6972739279270173,0.48683268189430234,0.4624967047572136,0.4127788274288178,0.4625802549719811,28.755599914550782,28.797043952941895,0.7392642569541931,0.7578159111738205,0.4174625916481018,0.46198072016239167
38,1.0757819499969483,0.8988993275165558,0.6588599381446838,0.6940673965215683,0.48489834427833556,0.4810965287685394,0.41563638496398925,0.4805454760789871,28.908705947875976,29.076102600097656,0.7409609470367432,0.7613184076547622,0.4169546158313751,0.4623638314008713
39,1.0806017045974732,0.8965513294935227,0.6598150181770325,0.6986616349220276,0.479854820728302,0.4508395314216614,0.41624368691444397,0.4506245332956314,29.04797119140625,29.203333320617677,0.7414770894050599,0.7604814916849136,0.41591280746459963,0.46143364995718
40,1.077503921031952,0.8975090581178665,0.6574213471412659,0.6937256485223771,0.481033091545105,0.4829470792412758,0.41483099579811095,0.4815170499682426,29.071353302001953,28.96232837677002,0.740472336769104,0.7577479904890061,0.41620339179039,0.46013508349657056
41,1.075942907333374,0.8953346383571624,0.6593816823959351,0.6999624222517014,0.48248197793960573,0.44319804608821867,0.4184115741252899,0.4420277273654938,29.02240200805664,28.907792148590087,0.7416104807853698,0.7575481271743775,0.41636329793930055,0.45907891750335694
42,1.067267858982086,0.8968448561429977,0.6598473305702209,0.6952318686246872,0.4835829248428345,0.4589130112528801,0.41745579171180724,0.45648858457803726,29.146020248413087,29.155969734191896,0.7422784399986267,0.7607552403211594,0.4156986770629883,0.4610619041323662
43,1.0775258359909057,0.8961644822359085,0.6611486186981201,0.6943528699874878,0.47928777933120725,0.45920561224222184,0.4165334610939026,0.4560927811264992,29.12275146484375,29.237844009399414,0.7404928989410401,0.7599346154928207,0.4149619286060333,0.4593998810648918
44,1.0713430757522584,0.8950993096828461,0.6539315557479859,0.7026903349161148,0.4848349223136902,0.42744438856840133,0.4159065935611725,0.4248997077345848,29.201653945922853,29.07559804916382,0.7401088366508484,0.7585618603229523,0.41535598754882813,0.45893450438976285
45,1.069180326461792,0.8943642145395279,0.6636490950584412,0.7004150366783142,0.47758791041374205,0.4349618512392044,0.4180475273132324,0.43208537220954896,29.180331817626953,29.148074893951417,0.7409717378616333,0.7584909790754318,0.41460437440872194,0.4586070728302002
46,1.0688827328681947,0.8962358498573303,0.658326566696167,0.694661974310875,0.4826691210269928,0.4742037642002106,0.417119535446167,0.47375405073165894,29.245834396362305,29.391674823760987,0.7394407954216003,0.7598682504892349,0.41437691473960875,0.45857630848884584
47,1.0757377495765685,0.8937365990877152,0.6613252491950988,0.6997089719772339,0.4818940169811249,0.4419518619775772,0.42050881242752075,0.441194164454937,29.337394927978515,29.403610630035402,0.7394922752380371,0.7591060423851013,0.4144480636119843,0.45923338770866395
48,1.0741529541015624,0.8934056091308594,0.6578460760116577,0.6990852558612823,0.48007165241241456,0.43836019456386566,0.41688600611686705,0.43570422261953357,29.26237760925293,29.305225772857668,0.7389364032745361,0.7582247036695481,0.41482634377479555,0.4596440401673317
49,1.0742058358192443,0.8932423961162567,0.6614995265007019,0.6950202947854995,0.4817739176750183,0.47974944055080415,0.42032251119613645,0.4800058528780937,29.156135818481445,29.274802494049073,0.739628083705902,0.7583314263820649,0.4146591386795044,0.459394126534462
50,1.067622263431549,0.8914915752410889,0.6552234468460083,0.6960272878408432,0.48356570792198184,0.45648659229278565,0.41202092361450193,0.45482960134744643,29.319722610473633,29.345172233581543,0.7416605701446534,0.7590607196092606,0.41443652486801147,0.4562551021575928
51,1.0615001893043519,0.8925903153419494,0.6644690136909485,0.7060794454813003,0.48084685921669007,0.4200252306461334,0.4235961526632309,0.41902520179748537,29.573046295166016,29.328473987579347,0.7428302450180053,0.7582954108715058,0.41278478741645813,0.4562353378534317
52,1.0662411594390868,0.8880206406116485,0.6619777474403381,0.6995070379972458,0.4721707983016968,0.43791849702596664,0.4209497489929199,0.43562077671289445,29.403012619018554,29.298808059692384,0.7419647908210755,0.7585408455133438,0.4146045441627502,0.4546917116641998
53,1.0645045218467712,0.8884559863805771,0.6585662603378296,0.696241005063057,0.48218938064575195,0.4654044356942177,0.4143880679607391,0.4654390513896942,29.30391076660156,29.379143409729004,0.7387575931549072,0.7579925239086152,0.4132742030620575,0.45726714342832564
54,1.0681587166786193,0.8876438575983048,0.6574184765815735,0.6921671938896179,0.48445347547531126,0.47575299322605136,0.4119350275993347,0.47246507048606873,29.292713607788087,29.46511573791504,0.7397262086868286,0.7601799595355988,0.4142152035236359,0.4556056919693947
55,1.0682872390747071,0.8884586626291275,0.6594257488250732,0.6955961030721665,0.48138782286643983,0.4608365353941917,0.41895528411865235,0.4595103025436401,29.397776138305662,29.32937753677368,0.7409967894554138,0.7587678050994873,0.4134061119556427,0.45440884470939635
56,1.0565692753791809,0.8883171612024308,0.6589814624786376,0.6967137503623962,0.4812348248958588,0.4482542034983635,0.4176950790882111,0.4451637402176857,29.523924377441407,29.127729606628417,0.7424427580833435,0.7581300240755081,0.41259730243682863,0.4571663907170296
57,1.0590053081512452,0.8854220151901245,0.6539733023643494,0.6970689982175827,0.4833675973415375,0.4394249814748764,0.4091231851577759,0.43371551126241686,29.342942794799804,29.174867820739745,0.7409994955062866,0.7570399695634842,0.41243464303016664,0.455508733689785
58,1.0554642071723939,0.8873603868484498,0.654496407032013,0.7037283283472061,0.4872103190422058,0.4291235002875328,0.4155581588745117,0.42736688792705535,29.436445205688475,29.661022357940674,0.7408918924331666,0.7588352257013321,0.4139157829284668,0.45711942851543425
59,1.0627579917907715,0.8888397699594498,0.6580315418243409,0.6924305582046508,0.4843660430908203,0.4953319442272186,0.4148454718589783,0.49343557566404345,29.710815185546874,29.63739902496338,0.7428379082679748,0.759610783457756,0.41323889327049257,0.454631766974926
60,1.0592142367362976,0.886194024682045,0.6593612823486328,0.7069010025262833,0.4854300782680511,0.4177384603023529,0.418703387260437,0.41622341811656954,29.66307095336914,29.71623233795166,0.7431302399635314,0.7606895393133164,0.41107908606529237,0.45373099446296694
61,1.0581941390037537,0.8866462790966034,0.6599421858787536,0.7003810650110245,0.4800428164005279,0.43825450628995893,0.4187112854719162,0.43733001947402955,29.675211654663087,29.666155014038086,0.7414513955116272,0.7598980033397674,0.4125476217269897,0.455219940841198
62,1.062865777015686,0.8863006806373597,0.6587132968902588,0.7099947082996368,0.4792525634765625,0.4051871466636658,0.4143058266639709,0.40146359652280805,29.67172071838379,29.729480056762696,0.741774658203125,0.7588024616241456,0.4112605719566345,0.45402100414037705
63,1.0567806396484376,0.8871039110422134,0.6607902588844299,0.6995030963420867,0.4820564913749695,0.4379450935125351,0.4199883010387421,0.43552768766880035,29.683862335205077,29.611811485290527,0.7396856498718262,0.7598265439271927,0.41144296002388,0.4545746546983719
64,1.0637512888908387,0.8846433907747269,0.6564613299369813,0.697969732284546,0.48293308115005495,0.4505820307135582,0.41470098638534547,0.4496850910782814,29.723418045043946,29.762794799804688,0.7423197984695434,0.7585667693614959,0.41263193607330323,0.4526511937379837
65,1.0596970434188844,0.8837740057706833,0.6597800817489624,0.7023285394906997,0.48271881675720213,0.43623400390148165,0.4194263932704926,0.4369728085398674,29.768901962280275,29.7329868888855,0.7387765784263611,0.7589983713626861,0.41200494599342347,0.45336268812417985
66,1.0641823472976684,0.8842644757032394,0.6547738208770751,0.7031875848770142,0.48548579835891725,0.42969116002321245,0.41281167876720426,0.4287038266658783,29.699478118896483,29.852707538604736,0.7390952019691467,0.7584926122426987,0.41164855074882506,0.45352043092250827
67,1.0565019240379334,0.883154969215393,0.6586269359588623,0.7001276123523712,0.48254754281044004,0.4502178582549095,0.4159941433668137,0.45125665426254274,29.89431884765625,30.076663627624512,0.7400208854675293,0.7611824035644531,0.4116581699848175,0.4547081443667412
68,1.0557744908332825,0.8821371006965637,0.66689772939682,0.7099784046411515,0.47601923370361326,0.4176864588260651,0.41970726585388185,0.420291208922863,30.06142904663086,30.02077215194702,0.7411718945503235,0.7591002959012986,0.4123010010719299,0.4523580330610275
69,1.0659655227661133,0.8831194990873337,0.6636658267974853,0.7216117542982101,0.47286447525024417,0.38423082798719405,0.4216249077320099,0.38262539833784104,29.8250811920166,30.02791048049927,0.7397070803642273,0.7598859423398971,0.4112457480430603,0.4513675191998482
70,1.0614365601539613,0.8809945225715637,0.660728015422821,0.7030622917413711,0.47964423727989197,0.4391060543060303,0.420515499830246,0.4409457510709763,29.84989646911621,29.8630987739563,0.7389648380279541,0.7602958732843399,0.4118675303459167,0.4536722230911255
71,1.0535019798278809,0.8813512408733368,0.6613339252471924,0.6997433537244797,0.48144099497795106,0.45086590975522994,0.4152695236206055,0.4522125989198685,29.9356388092041,29.802895183563233,0.7405675816535949,0.7561193925142288,0.4094977903366089,0.45287724167108534
72,1.0521403703689576,0.8815271306037903,0.6621485557556153,0.7195539039373398,0.4766185178756714,0.3982233548164368,0.4188375794887543,0.40202141225337984,29.872956893920897,29.903268299102784,0.7383851127624512,0.7589277178049088,0.4109830074310303,0.45279433131217955
73,1.0552555022239685,0.8804012972116471,0.6616631474494934,0.7074827527999878,0.478625034570694,0.42705228060483935,0.4181035211086273,0.43000285655260084,29.897653747558593,29.902495727539062,0.7390980544090271,0.7590326917171478,0.4114863004684448,0.45312688380479815
74,1.0609039225578307,0.8808703416585922,0.6560763659477233,0.7009530967473984,0.4851117768287659,0.4712825009226799,0.41453080606460574,0.4763640379905701,29.717569747924806,29.835398864746093,0.7372226595878602,0.7569248294830322,0.4114002966880798,0.4533133774995804
75,1.053266641139984,0.878962271809578,0.6555729341506958,0.7024318605661393,0.4856053981781006,0.46100772231817244,0.4070255188941956,0.4636164855957031,29.945106216430663,29.823319797515868,0.7397695827484131,0.7564081794023514,0.4109670855998993,0.4537523168325424
76,1.0577816309928894,0.8794819390773774,0.666024730682373,0.69933673620224,0.47620872569084166,0.45488252252340317,0.42831856656074524,0.456541493833065,30.055310317993165,30.288631401062013,0.7393127140998841,0.757900002002716,0.4105466306209564,0.452711344063282
77,1.0488369789123535,0.8807067847251893,0.6563640894889832,0.7029357773065567,0.484100120306015,0.44598363935947416,0.4138809094429016,0.44942174255847933,30.062830780029298,29.915131797790526,0.7406089310646057,0.7539839673042298,0.40920240449905393,0.4521931979060173
78,1.0497969250679016,0.8779278206825256,0.6567284450531006,0.7100176602602005,0.4821643919944763,0.422515264749527,0.41257498049736024,0.4269546180963516,29.87294348144531,30.164592971801756,0.7385413665771484,0.7574685674905777,0.4100142509937286,0.4531935879588127
79,1.057370400905609,0.8787646341323853,0.6598406462669373,0.7155463683605194,0.48056998014450075,0.4159946724772453,0.4179928574562073,0.4243340361118317,30.14165034484863,30.01396760940552,0.7397094502449035,0.7566025114059448,0.41121076822280883,0.4529450014233589
80,1.0498332982063294,0.8776563757658005,0.6587370815277099,0.707487803697586,0.4811004772186279,0.4405521121621132,0.4151963438987732,0.44769600868225096,30.19211996459961,30.097999362945558,0.7403438057899475,0.7563257014751434,0.4079591014385223,0.45124976068735123
81,1.0524672169685363,0.877690811753273,0.6583703260421753,0.7034315127134323,0.4811872496604919,0.4553752285242081,0.4134502727985382,0.46120828568935396,30.110290588378906,30.22690706253052,0.7387410407066345,0.7567953568696976,0.40865979552268983,0.45332080334424973
82,1.0462801084518432,0.8783327513933181,0.655560800075531,0.7161900949478149,0.4844546177387238,0.42978001207113264,0.41222090816497803,0.4430376613140106,30.239926940917968,30.37601957321167,0.7402037220001221,0.7568238478899002,0.4079913561344147,0.45348252028226854
83,1.0484990463256836,0.8762459796667099,0.6663418674468994,0.7161252921819687,0.4768028862476349,0.4104048267006874,0.42787947225570677,0.41684773862361907,30.100423873901367,30.151344871520998,0.7395544867515564,0.7572113656997681,0.4087753610610962,0.45358643084764483
84,1.0392504692077638,0.8770158672332764,0.656408360004425,0.7072833639383316,0.48502187299728394,0.43094705164432523,0.4148677659034729,0.43519687473773955,30.175272247314453,30.408454399108887,0.740246132850647,0.7584596604108811,0.407888911485672,0.4549390423297882
85,1.0503464045524598,0.8768901711702347,0.6518524370193481,0.7180898886919022,0.48722033262252806,0.40245674818754196,0.4109390232563019,0.4061659961938858,30.239492401123048,29.980222606658934,0.7404554538726806,0.7550958120822906,0.4088730731010437,0.4515583723783493
86,1.040964243888855,0.8748206698894501,0.660505500793457,0.7188943248987197,0.48158995270729066,0.39619677811861037,0.4171713128089905,0.3987253367900848,30.215250686645508,30.027026710510253,0.7439833822250366,0.7573683750629425,0.4075640678405762,0.45141012787818907
87,1.0469067506790162,0.8725935876369476,0.6592025074958802,0.7127657914161682,0.47837159752845765,0.40747616678476334,0.4203730282783508,0.40815707445144656,30.164200881958006,30.291639518737792,0.7410605144500733,0.7587425261735916,0.40827365636825563,0.4506695571541786
88,1.0469526138305665,0.8767833524942398,0.6538797488212585,0.7236611288785935,0.4832537226676941,0.3961099290847778,0.40785736274719236,0.40429732859134676,30.157188446044923,30.236213912963866,0.7399475226402282,0.7563389861583709,0.4081029510498047,0.45225411653518677
89,1.0388102855682373,0.8754287487268448,0.6579970316886902,0.7076911896467208,0.4852523958683014,0.4290498325228691,0.419080760717392,0.43253454595804214,30.168885330200194,30.14146625518799,0.7406220512390137,0.756804239153862,0.40805334877967836,0.45046441823244093
90,1.0447617063522339,0.8773485940694808,0.6505182099342346,0.7258767813444138,0.48823396539688113,0.3966741424798965,0.40846620202064515,0.4061194956302643,30.244577056884765,30.07335750579834,0.7421032218933106,0.7572350215911865,0.4070938956737518,0.4527844500541687
91,1.0480709676742554,0.8753695493936539,0.6541007747650146,0.7262973588705063,0.4844477558135986,0.4002013158798218,0.4086511194705963,0.41325032025575636,30.09669203186035,30.203455085754396,0.7391042890548706,0.7541580682992935,0.4080843427181244,0.4498584142327309
92,1.038480592250824,0.8760801476240158,0.6610535082817077,0.7347448819875717,0.4816605808734894,0.38369832426309586,0.4179257946014404,0.3979562917351723,30.205403930664062,30.01368953704834,0.7400091133117676,0.7552994644641876,0.4070085291862488,0.4506145977973938
93,1.0430935740470886,0.8753554666042328,0.6502715678215026,0.7170670771598816,0.49199130272865294,0.4216048815846443,0.4102234148979187,0.4321885108947754,30.20195965576172,30.099487705230715,0.7390299935340882,0.7569424480199813,0.409766991853714,0.4513873115181923
94,1.055497576236725,0.8743235325813293,0.6519869294166565,0.7206554460525513,0.4854352602958679,0.42723857462406156,0.40558708310127256,0.4443638205528259,30.097715621948243,30.32495246887207,0.7383492488861084,0.7575340121984482,0.4085620095729828,0.4535375338792801
95,1.0435280895233154,0.8719073677062988,0.6613754568099975,0.7110469186306,0.4842619605064392,0.420863990187645,0.42452076840400693,0.42578394293785093,30.321594635009767,30.03203863143921,0.7418131141662597,0.7570644634962082,0.4068884813785553,0.44973377346992494
96,1.0477730503082276,0.8723091489076614,0.646012924194336,0.739680244922638,0.4890960330963135,0.38784881204366684,0.4012957947254181,0.40858272582292554,30.1549471282959,30.281240825653075,0.7391257328987122,0.754889104962349,0.406419527053833,0.44926514953374863
97,1.0448345203399658,0.8725139057636261,0.6497937359809876,0.7276668822765351,0.4943442435264587,0.39369410067796706,0.41174447047710416,0.4058174392580986,30.108648666381836,29.944107246398925,0.740117301940918,0.7560572957992554,0.4077912065982819,0.44827700555324557
98,1.0458815011978149,0.8729429054260254,0.6636771039962769,0.7091015899181365,0.4871341300010681,0.41932470083236695,0.41601583874225617,0.4220700138807297,30.31759620666504,30.25610330581665,0.7406525287628174,0.7560252457857132,0.40735063219070433,0.4490130689740181
99,1.0531498522758485,0.8715678030252456,0.6608004293441773,0.715625113248825,0.47422233724594115,0.4096785047650337,0.42313004302978513,0.4156741553544998,30.22362028503418,30.52467275619507,0.7376277995109558,0.7560243302583695,0.40617725467681887,0.44785780400037767
100,1.039347014427185,0.8728812193870544,0.6505211801528931,0.7238809251785279,0.4845915672779083,0.4169324466586113,0.4051469542980194,0.43395700961351397,30.329310546875,30.4516618347168,0.7399013919830322,0.7568203645944596,0.406634907245636,0.4517826837301254
101,1.0433880887031555,0.8707481372356415,0.6794229083061218,0.706595070362091,0.5169129240512848,0.45167281150817873,0.4750537824630737,0.46009759962558744,30.355617630004883,30.366729373931886,0.7385250163078309,0.7560040724277496,0.4071809928417206,0.4498721858859062
102,1.0459549646377564,0.8721413338184356,0.6754780755043029,0.6994702452421189,0.523850433588028,0.45504300475120546,0.4719504542350769,0.45702803641557693,30.38726953125,30.49653398513794,0.739927381515503,0.7562115490436554,0.40611609125137327,0.44983807384967806
103,1.0375539684295654,0.8702629339694977,0.6776824054718018,0.6980030137300491,0.5173422646522522,0.46903699189424514,0.47556918001174925,0.47093537539243696,30.347810928344728,30.218238716125487,0.740514497756958,0.7569657462835312,0.40606000638008116,0.44882713079452513
104,1.0406630554199219,0.870952730178833,0.6724165091514588,0.7043715900182724,0.5252975928783417,0.4559985956549644,0.46991110110282897,0.4622165438532829,30.224460113525392,30.243532886505125,0.7411294569969177,0.7533175545930862,0.4058621852397919,0.44893339335918425
105,1.036953441143036,0.8709210962057113,0.674098249912262,0.7133464920520782,0.5219400098323822,0.4368708741664886,0.47114137721061705,0.4461403366923332,30.312015808105468,30.215552101135255,0.7409314727783203,0.7556444722414016,0.4047929232120514,0.44803125560283663
106,1.0331232151985168,0.8709834355115891,0.6636500101089478,0.702549911737442,0.5347339632511139,0.47758730858564374,0.46122994828224184,0.48525641292333604,30.401112838745117,30.457830181121825,0.7411224474906921,0.7540968072414398,0.4050138750076294,0.4484518709778786
107,1.0365942654609681,0.8678196942806244,0.6757912197113037,0.6999621349573135,0.5293645300865173,0.4503168988227844,0.4740237281322479,0.45158570885658267,30.310504486083985,30.342066478729247,0.7399184565544128,0.7550806140899659,0.40443360042572024,0.4482054924964905
108,1.0408217735290528,0.867868938446045,0.6732337193489075,0.6997881948947906,0.5195646548271179,0.4826454350352287,0.47332542514801024,0.48798895537853243,30.127749374389648,30.341298542022706,0.7383373794555664,0.7538274991512298,0.40554036569595336,0.4483998829126358
109,1.0475951776504517,0.8713964629173279,0.671730453491211,0.7062853592634201,0.5247594323158264,0.4618313205242157,0.468071346282959,0.47069070249795913,30.053219543457033,29.99160219192505,0.7345015392303467,0.7525395202636719,0.4072677149772644,0.4497342762351036
110,1.0445837244987488,0.8692878550291061,0.6868621325492859,0.6923620688915253,0.5243739123344422,0.46652008056640626,0.48250429224967956,0.46298091679811476,30.083197677612304,30.05995876312256,0.7382396035194397,0.7538436067104339,0.40561776113510134,0.448816202878952
111,1.0370221791267396,0.8703472059965134,0.6822592639923095,0.6905247563123703,0.5102486650943756,0.4758800223469734,0.4883406751155853,0.4715354150533676,30.07059669494629,30.234555168151857,0.7378634281158447,0.756246098279953,0.4057034113407135,0.4487948364019394
112,1.035882996082306,0.8693001461029053,0.6773498749732971,0.6956284719705582,0.5166042318344116,0.4595461419224739,0.47874718308448794,0.4567888110876083,30.191260635375976,30.220938987731934,0.7373843517303467,0.7536717027425766,0.4037601158618927,0.44615490138530733
113,1.0306075091362,0.8698341143131256,0.675476987361908,0.6950511330366135,0.5200607790946961,0.4726125940680504,0.47410202407836916,0.47172000527381897,30.37991847229004,30.4176513671875,0.7414815011024475,0.7560932821035385,0.40352343845367433,0.44869890362024306
114,1.0378119659423828,0.867036417722702,0.6718248295783996,0.6980525898933411,0.5233586094379425,0.447255137860775,0.470171471118927,0.44419372349977493,30.201786056518554,30.237374954223633,0.7381578249931335,0.7553582066297531,0.40510383701324465,0.4467943847179413
115,1.0327198486328124,0.8661811518669128,0.6699373316764832,0.7007945013046265,0.5258223128318786,0.45465693473815916,0.46578689765930176,0.455215117931366,30.167240020751954,30.23656078338623,0.7386898956298829,0.7550295072793961,0.40575268483161925,0.44799951642751695
116,1.0419307270050049,0.8664832139015197,0.6701005330085754,0.6963126456737518,0.5266983230113983,0.4907973939180374,0.4649657702445984,0.4925589880347252,30.240814666748047,30.260277519226076,0.7375463123321533,0.7543342578411102,0.4054553999900818,0.4469266119599342
117,1.040657018184662,0.867144969701767,0.6702889637947083,0.6993262362480164,0.5298568556308746,0.47483131498098374,0.4704141149520874,0.47801409840583803,30.034886947631836,30.186932258605957,0.7371190142631531,0.7537440019845962,0.404960905790329,0.44816123723983764
118,1.0407080817222596,0.8696254748106003,0.6689144711494446,0.6976258766651153,0.5291510581970215,0.4490112340450287,0.4626622278690338,0.4458701321482658,30.088406173706055,30.3290153503418,0.7373257808685303,0.7550665986537933,0.40480937361717223,0.4481672838330269
119,1.0435956525802612,0.869991518855095,0.674424569606781,0.7051674479246139,0.524813615322113,0.43933490991592405,0.47209019112586975,0.44127930760383605,30.135863388061523,30.10078489303589,0.736503276348114,0.755247318148613,0.4050946171283722,0.44897107005119324
120,1.0296232948303223,0.8662333220243454,0.6661087441444397,0.699532642364502,0.5346314146518707,0.5308907055854797,0.46064411544799805,0.5328795981407165,30.156469299316406,30.2384375,0.7384692196846008,0.756441895365715,0.40457778811454775,0.44822012782096865
121,1.0414497885704042,0.8681694716215134,0.6763817996978759,0.6972868978977204,0.5215688877105713,0.46395035058259965,0.4745778863430023,0.46456035107374194,30.124682556152344,30.140793743133546,0.7360906472206116,0.7552784365415574,0.40466954016685486,0.44653900265693663
122,1.0381117391586303,0.8672090870141983,0.6605661454200744,0.7054724299907684,0.5358758044242858,0.4268722802400589,0.4630394012928009,0.4255333262681961,30.168878173828126,30.392853660583498,0.7370231161117554,0.7556968355178832,0.40550379276275633,0.4467652949690819
123,1.0292453322410584,0.8661350893974304,0.6510585803985596,0.7008021134138107,0.5419921705722809,0.4331267362833023,0.4478568801879883,0.42909532457590105,30.119416381835936,30.137445487976073,0.7365820603370666,0.7544913339614868,0.40601729178428647,0.44549261301755905
124,1.0364573774337769,0.865166158080101,0.6613785619735718,0.698506212234497,0.5367183384895324,0.46618169248104097,0.46057461071014405,0.4682228222489357,30.151308090209962,30.01305986404419,0.7382743968963623,0.753249694108963,0.4049580879211426,0.44751993447542193
125,1.0352841773033141,0.8649984538555145,0.6609339179992676,0.7032322192192078,0.5415924661159516,0.4435779160261154,0.45675817584991457,0.44596057921648025,30.101949676513673,30.321763038635254,0.7370815510749817,0.754012159705162,0.40372232913970946,0.4449532353878021
126,1.039778953075409,0.8644234210252761,0.6671059780120849,0.69683374106884,0.5335190546512604,0.4566716757416725,0.4675620212554932,0.4558844423294067,30.195389801025392,30.30473752975464,0.7374263787269593,0.7547203576564789,0.40435783314704893,0.44547335416078565
127,1.0387026505470276,0.8682761424779892,0.6667067461013794,0.7022145766019822,0.5314378299713135,0.5010444897413254,0.46286690354347226,0.5083750808238983,30.267227828979493,30.272199058532713,0.7362407188415527,0.7536132979393005,0.4043791434764862,0.4490265190601349
128,1.0329637179374695,0.8658104854822158,0.66117165184021,0.6999474960565567,0.5363448333740234,0.4502490562200546,0.459828058719635,0.4510931342840195,30.251247924804687,30.452561836242676,0.7378082284927369,0.7536402183771134,0.4047092320919037,0.44811835676431655
129,1.0323886699676514,0.8636908119916916,0.6855744986534119,0.6964276242256164,0.5197313177585602,0.45689280092716217,0.49004811501502993,0.4557679817080498,30.353851165771484,30.46581974029541,0.7388158984184265,0.7535650706291199,0.4051118953227997,0.4458193638920784
130,1.0288532066345215,0.8648308336734771,0.6751753916740417,0.6957401698827743,0.5202903206348419,0.44282456517219543,0.4704373154640198,0.4374185970425606,30.303604354858397,30.516839714050292,0.7387914528846741,0.7531488382816315,0.4030035259723663,0.4433717003464699
131,1.0357631859779357,0.8655783408880233,0.6706489858627319,0.6958056885004044,0.5258765997886657,0.4557841172814369,0.4719478604793549,0.4533662828803062,30.20765560913086,30.42062324523926,0.7338546833992005,0.7543567514419556,0.40228404116630556,0.44520550191402436
132,1.0266334447860719,0.863255341053009,0.6628275356292724,0.7018722057342529,0.5344791371822357,0.43908459156751634,0.45743196296691896,0.4372904023528099,30.36087925720215,30.34263837814331,0.7381211738586426,0.7533120930194854,0.402616557598114,0.4446359142661095
133,1.0369441986083985,0.8646193480491638,0.6715222272872925,0.7044396555423736,0.529152410030365,0.44109104603528976,0.4712868621349335,0.4425029003620148,30.139602447509766,30.11919548034668,0.7341848263740539,0.7536617678403854,0.4051161892414093,0.44532219678163526
134,1.033998450756073,0.8632701414823533,0.6747124447822571,0.6937442141771316,0.5378902475833893,0.4580195441842079,0.47236510157585143,0.4542259156703949,30.08830795288086,30.2984326171875,0.7345395965576171,0.7524733644723892,0.4041331198215485,0.44475428432226183
135,1.0274903559684754,0.864250373840332,0.6836687722206116,0.6908427679538727,0.5116245634555817,0.46642288118600844,0.4920466887950897,0.4611892145872116,30.078412322998048,30.028046779632568,0.7379856786727905,0.7542096972465515,0.40334466791152956,0.44510616183280943
136,1.0254695873260498,0.8635228246450424,0.6766772527694702,0.6976297116279602,0.5171462078094482,0.4569069218635559,0.4782566239833832,0.4558673444390297,30.082525573730468,29.835436038970947,0.7394427065849304,0.751769466996193,0.40183770322799683,0.4439158046245575
137,1.0306219887733459,0.8631717658042908,0.6728974499702454,0.6966579353809357,0.5237861559391022,0.45467340260744094,0.4739278540611267,0.45199290484189986,30.026485733032228,30.362691650390627,0.7365494766235352,0.7544773125648498,0.4029564824104309,0.44472337514162064
138,1.029275577545166,0.863369911313057,0.670733971118927,0.6952663797140122,0.5253988671302795,0.4685269749164581,0.46704404401779176,0.46760750114917754,30.256832916259764,30.31997510910034,0.7365012202262878,0.7531715631484985,0.4029401068687439,0.4469355922937393
139,1.028544165611267,0.8644397914409637,0.6644731049537659,0.6992163491249085,0.5323934993743896,0.457192961871624,0.46269057035446165,0.4577085083723068,30.280635940551758,30.39272756576538,0.7364544472694396,0.7514683401584625,0.4032882902622223,0.4445760613679886
140,1.0368422727584838,0.8634154951572418,0.6658748946189881,0.6939173799753189,0.5348221411705018,0.4549488937854767,0.4601967394351959,0.4501022782921791,30.131442260742187,30.21345865249634,0.7349887924194336,0.7520153015851975,0.4046246700286865,0.4469370210170746
141,1.0346936688423156,0.8626239937543869,0.6646259098052979,0.7045761531591416,0.5337867548465729,0.47382556438446044,0.45812802267074587,0.4822274959087372,30.281031600952147,30.435952415466307,0.7358795056343078,0.7532717019319535,0.4034698987007141,0.4470320534706116
142,1.0268675017356872,0.8611679047346115,0.6728462715148926,0.6887232011556625,0.5294328529834748,0.4498528417944908,0.47203313541412356,0.43821520000696185,30.40736993408203,30.473866844177245,0.7367731499671936,0.7531985753774643,0.40275232410430906,0.4453838306665421
143,1.0376079082489014,0.8623214775323867,0.6633649454116821,0.6889303690195083,0.5357603390216827,0.5028393533825875,0.4624906349182129,0.4969305795431137,30.2221872253418,30.39732410430908,0.7354174075126648,0.7522661292552948,0.4047597553730011,0.4438297799229622
144,1.0334109482765197,0.8612876743078232,0.6508179121017456,0.6833966082334518,0.5435733745098114,0.4621743804216385,0.448725909948349,0.4475272527337074,30.259100006103516,30.293994121551513,0.7359389405250549,0.7497118651866913,0.40335565972328186,0.4445379203557968
145,1.0332423148155212,0.8635103088617325,0.673950873374939,0.6919607228040695,0.5334154372215271,0.45952065765857697,0.47413249349594117,0.45398234337568283,30.24228123474121,30.31377992630005,0.7344533338546753,0.7515557271242141,0.402591379404068,0.4443616905808449
146,1.0315233359336853,0.8618446409702301,0.6759151263237,0.6826430886983872,0.5138837959766388,0.47904627621173856,0.4754709310531616,0.46612207770347597,30.218203353881837,30.16688823699951,0.7365920524597168,0.751372367143631,0.40289536309242246,0.446945875287056
147,1.033768726825714,0.8625033372640609,0.666924003124237,0.67943976521492,0.529259468793869,0.4815370061993599,0.4649123637676239,0.46498888671398164,30.1627021484375,30.22231538772583,0.7339383516311645,0.7512045907974243,0.4036040441989899,0.44571247905492783
148,1.0253355746269226,0.8621911472082138,0.6652333884239197,0.6927331602573394,0.5393368422985076,0.5028048247098923,0.4624572947025299,0.501177581846714,30.3818000793457,30.579315814971924,0.7378546566963196,0.7524451142549515,0.4035853817462921,0.44565830022096636
149,1.0303996315002442,0.8623131567239761,0.6625806665420533,0.685430463552475,0.5381086194515228,0.4565783554315567,0.45780689334869384,0.44064928144216536,30.35950326538086,30.55798059463501,0.7358454976081849,0.7512598133087158,0.4021138691902161,0.44404180139303207
150,1.0254134411811828,0.8613696485757828,0.6336619243621826,0.6892671704292297,0.5554178977012634,0.43135837465524673,0.4295698049068451,0.4104469606280327,30.360732238769533,30.40751001358032,0.7365092692375184,0.7523042798042298,0.4011150984764099,0.44425360679626463
151,1.0259085001945496,0.861175611615181,0.6488739538192749,0.6836211174726486,0.5660776045322419,0.5026425758004188,0.44500725317001344,0.4901144728064537,30.425361145019533,30.32241033554077,0.7377970027923584,0.7494442743062973,0.4022620458602905,0.44527288496494294
152,1.03150128698349,0.8637179237604141,0.6842943034172058,0.6799042099714279,0.5107203004360199,0.4605900979042053,0.4899925563335419,0.44141973316669464,30.316270614624024,30.366951904296876,0.7361968317031861,0.7494931095838546,0.4017402594089508,0.44514483481645584
153,1.0240187349319458,0.860630094408989,0.6653949828147888,0.6797523194551468,0.5229126007556916,0.49118515342473984,0.4676201248168945,0.4760168680548668,30.450525283813477,30.618244705200194,0.7366314888000488,0.7519129598140717,0.40312868762016296,0.44540332555770873
154,1.0347824058532715,0.8640568327903747,0.6567683506011963,0.6745687025785446,0.5371869988441468,0.4842586362361908,0.4480007762908936,0.4629064577817917,30.190777252197265,30.360861530303954,0.7330379791259766,0.7494400078058243,0.40292009043693544,0.44452361851930616
155,1.0252906098365784,0.8622229295969009,0.6735431814193725,0.6737478321790695,0.5237925336360931,0.447607684135437,0.4763237113952637,0.415646947324276,30.37163020324707,30.555919799804688,0.737183364868164,0.7514656543731689,0.4014983298778534,0.4448285201191902
156,1.0239253015518188,0.8601877117156982,0.6487361307144165,0.6787142306566238,0.5477097141742706,0.5212915232777595,0.4382064607143402,0.5046288186311721,30.29500569152832,30.598641529083253,0.7345664491653442,0.7521750938892364,0.4025488202571869,0.44396172761917113
157,1.0272729964256286,0.8585238409042358,0.6509879074096679,0.6944255536794662,0.5752525944709778,0.451234315931797,0.43822690081596377,0.44617774337530136,30.461763626098634,30.406993980407716,0.7342393836975097,0.7503363245725632,0.4015411205291748,0.44136176466941834
158,1.031455379486084,0.8628197771310806,0.6893983888626098,0.6860999321937561,0.5094091231822968,0.462227184176445,0.4978890652656555,0.45079574644565584,30.40232275390625,30.523941459655763,0.7319795813560486,0.7498832035064698,0.4028062345981598,0.44303168267011644
159,1.0213379888534546,0.8602866542339325,0.6838431239128113,0.6871911269426346,0.5111050398349762,0.4520252904295921,0.491196941614151,0.4394579800963402,30.439256423950194,30.65969783782959,0.735138922214508,0.7506489545106888,0.40129039788246157,0.44204705238342284
160,1.0308605847358703,0.8604300063848496,0.6786190066337585,0.6902930849790573,0.5144089214801788,0.44489384412765504,0.4825544331073761,0.4338003796339035,30.32557534790039,30.2587575340271,0.7344439420700073,0.7515715128183365,0.4005832505226135,0.4444043657183647
161,1.0279185104370117,0.8578723555803299,0.6680420579910278,0.690742114186287,0.5252209389209748,0.45204108595848086,0.4709371988773346,0.44288091152906417,30.155210083007812,30.2890704536438,0.7349517116546631,0.7499221819639206,0.40044765162467955,0.44168287664651873
162,1.0221052193641662,0.8594466471672058,0.6597490530014039,0.7021024662256241,0.5346727135181427,0.43353316813707354,0.45988342046737674,0.4284842786192894,30.200817855834963,30.16376546859741,0.7345889024734497,0.7504772305488586,0.40154883146286013,0.44227237701416017
163,1.0239211821556091,0.8603534919023513,0.6618357028961181,0.6960985279083252,0.5416514112949371,0.46160116940736773,0.4472886502742767,0.45983099907636643,30.220468688964843,30.343742427825926,0.7351903052330017,0.7494189554452896,0.40129917216300964,0.4439366188645363
164,1.0204046902656556,0.8582385897636413,0.6545392661094666,0.6906882613897324,0.5412948448657989,0.4952469742298126,0.45603844451904296,0.4896470087766647,30.251772018432618,30.2529873085022,0.7359474277496338,0.749995288848877,0.40162103819847106,0.4436009430885315
165,1.0155755743980408,0.8583582162857055,0.6652053747177123,0.6998715913295745,0.5335723624229431,0.4532144957780838,0.4637455246448517,0.45249980747699736,30.32281982421875,30.524218826293946,0.7367705316543579,0.7510336714982987,0.401710170507431,0.44207977801561354
166,1.0245668144226074,0.8585306745767594,0.6402839641571045,0.7035630780458451,0.5526344559192657,0.4710444739460945,0.43279419660568236,0.47513235807418824,30.3543818359375,30.365375213623047,0.7355158381462097,0.7492150264978409,0.4016489715576172,0.4427825623750687
167,1.0269058928489685,0.8568591964244843,0.6661077809333801,0.6793873006105423,0.5486997759342194,0.4719258850812912,0.4624849078655243,0.45391194850206373,30.47483573913574,30.577582969665528,0.7325688395500183,0.7486989134550095,0.40119560790061953,0.44153483271598815
168,1.0204313316345215,0.8587491881847381,0.6578875198364258,0.7033673000335693,0.5290717976093292,0.4504657554626465,0.45791935205459594,0.4524552166461945,30.32164797973633,30.322122745513916,0.7343544230461121,0.7472297602891922,0.39985711908340454,0.4446275708079338
169,1.0245947561264037,0.859082767367363,0.6339636459350586,0.7034518295526504,0.5549278564453125,0.4264075428247452,0.4314102413654327,0.4208736789226532,30.277664779663088,30.40164503097534,0.7331182141304016,0.7479332345724106,0.40139277672767637,0.44330819994211196
170,1.022243757724762,0.8573860919475556,0.6318806238174438,0.6942633187770844,0.5810480098724365,0.44312031239271166,0.4260502388477325,0.43500472396612166,30.152841064453124,30.26580877304077,0.7318032436370849,0.7488590806722641,0.40173326420783995,0.44390354603528975
